{
  "packages":
  [
    {
      "name": "atmel",
      "maintainer": "jad",
      "websiteURL": "https://jacob.malagatech.com",
      "email" : "juneaujacob61@gmail.com",
      "platforms":
      [
        {
          "name": "Robo HAT Boards",
          "architecture": "samd",
          "version": "0.0.12",
          "category": "Contributed",
          "url": "https://https://github.com/jad-eng/atmel/blob/master/package_atmel_index.JSON",
          "archiveFileName": "atmel1.1.1.zip",
          "checksum": "SHA-256:e6a4c0b37a90a922777556d3af04c0396d9fc7fc47dfa5220f3d3da2410a3bf1",
          "size": "2381077",
          "boards": [
            {
              "name": "Robo HAT MM1"
            }
          ],
          "toolsDependencies":
          [
            {
              "packager": "arduino",
              "name": "arm-none-eabi-gcc",
              "version": "7-2017q4"
            },
            {
              "packager": "arduino",
              "name": "bossac",
              "version": "1.8.0-48-gb176eee"
            },
            {
              "packager": "arduino",
              "name": "openocd",
              "version": "0.10.0-arduino9"
            },
            {
              "packager": "arduino",
              "name": "CMSIS",
              "version": "4.5.0"
            },
            {
              "packager": "arduino",
              "name": "CMSIS-Atmel",
              "version": "1.2.0"
            }
          ]
        }
      ],
      "tools":
      [
      ]
    }
  ]
}
